<?xml version="1.0"?>
<!DOCTYPE display PUBLIC "-//Liferay//DTD Display 7.0.0//EN" "http://www.liferay.com/dtd/liferay-display_7_0_0.dtd">

<display>
	
	<category name="Sviluppo">
		<portlet id="menu"></portlet>
		<portlet id="carrello"></portlet>
		<portlet id="ordini"></portlet>
		<portlet id="chi-siamo"></portlet>
		<portlet id="notifiche"></portlet>
		<portlet id="prodotti"></portlet>
		<portlet id="contattaci"></portlet>
		<portlet id="mail"></portlet>
		<portlet id="contatti"></portlet>
		<portlet id="chatbot"></portlet>
	</category>
</display>