<?xml version="1.0"?>
<!DOCTYPE liferay-portlet-app PUBLIC "-//Liferay//DTD Portlet Application 7.0.0//EN" "http://www.liferay.com/dtd/liferay-portlet-app_7_0_0.dtd">

<liferay-portlet-app>
	
	<portlet>
		<portlet-name>menu</portlet-name>
		<icon></icon>
		<header-portlet-css>/css/menu/menu.css</header-portlet-css>
		<footer-portlet-javascript>
			/js/menu/menu.js
		</footer-portlet-javascript>
		<css-class-wrapper>menu-portlet</css-class-wrapper>
	</portlet>
	<portlet>
		<portlet-name>carrello</portlet-name>
		<icon></icon>
		<header-portlet-css>/css/carrello/carrello.css</header-portlet-css>
		<footer-portlet-css>/css/general.css</footer-portlet-css>
		<footer-portlet-javascript>
			/js/carrello/carrello.js
		</footer-portlet-javascript>
		<footer-portlet-javascript>
			/js/main.js
		</footer-portlet-javascript>
		<css-class-wrapper>carrello-portlet</css-class-wrapper>
	</portlet>
	<portlet>
		<portlet-name>ordini</portlet-name>
		<icon></icon>
		<header-portlet-css>/css/ordini/ordini.css</header-portlet-css>
		<footer-portlet-css>/css/general.css</footer-portlet-css>
		<footer-portlet-javascript>
			/js/ordini/ordini.js
		</footer-portlet-javascript>
		<footer-portlet-javascript>
			/js/main.js
		</footer-portlet-javascript>
		<css-class-wrapper>ordini-portlet</css-class-wrapper>
	</portlet>
	<portlet>
		<portlet-name>chi-siamo</portlet-name>
		<icon></icon>
		<header-portlet-css>
			/css/home/chisiamo/chisiamo.css
		</header-portlet-css>
		<footer-portlet-css>/css/general.css</footer-portlet-css>
		<footer-portlet-javascript>
			/js/home/chisiamo/chisiamo..js
		</footer-portlet-javascript>
		<css-class-wrapper>chi-siamo-portlet</css-class-wrapper>
	</portlet>
	<portlet>
		<portlet-name>notifiche</portlet-name>
		<icon></icon>
		<header-portlet-css>
			/css/home/notifiche/notifiche.css
		</header-portlet-css>
		<footer-portlet-css>/css/general.css</footer-portlet-css>
		<footer-portlet-javascript>
			/js/home/notifiche/notifiche.js
		</footer-portlet-javascript>
		<css-class-wrapper>notifiche-portlet</css-class-wrapper>
	</portlet>
	<portlet>
		<portlet-name>prodotti</portlet-name>
		<icon></icon>
		<header-portlet-css>
			/css/prodotti/prodotti.css
		</header-portlet-css>
		<footer-portlet-css>/css/general.css</footer-portlet-css>
		<footer-portlet-javascript>
			/js/prodotti/prodotti.js
		</footer-portlet-javascript>
		<footer-portlet-javascript>
			/js/main.js
		</footer-portlet-javascript>
		<css-class-wrapper>prodotti-portlet</css-class-wrapper>
	</portlet>
	<portlet>
		<portlet-name>contattaci</portlet-name>
		<icon></icon>
		<header-portlet-css>
			/css/assistenza/contattaci/contattaci.css
		</header-portlet-css>
		<footer-portlet-css>/css/general.css</footer-portlet-css>
		<footer-portlet-javascript>
			/js/assistenza/contattaci/contattaci.js
		</footer-portlet-javascript>
		<css-class-wrapper>contattaci-portlet</css-class-wrapper>
	</portlet>
	<portlet>
		<portlet-name>mail</portlet-name>
		<icon></icon>
		<header-portlet-css>
			/css/assistenza/mail/mail.css
		</header-portlet-css>
		<footer-portlet-css>/css/general.css</footer-portlet-css>
		<footer-portlet-javascript>
			/js/assistenza/mail/mail.js
		</footer-portlet-javascript>
		<css-class-wrapper>mail-portlet</css-class-wrapper>
	</portlet>
	<portlet>
		<portlet-name>contatti</portlet-name>
		<icon></icon>
		<header-portlet-css>
			/css/assistenza/contatti/contatti.css
		</header-portlet-css>
		<footer-portlet-css>/css/general.css</footer-portlet-css>
		<footer-portlet-javascript>
			/js/assistenza/contatti/contatti.js
		</footer-portlet-javascript>
		<css-class-wrapper>contatti-portlet</css-class-wrapper>
	</portlet>
	<portlet>
		<portlet-name>chatbot</portlet-name>
		<icon>/icon.png</icon>
		    <requires-namespaced-parameters>false</requires-namespaced-parameters>
		
		<header-portlet-css>/css/main.css</header-portlet-css>
		<footer-portlet-css>/css/chatbot/chatbot.css</footer-portlet-css>
		<footer-portlet-javascript>
			/js/main.js
		</footer-portlet-javascript>
		<footer-portlet-javascript>
			/js/chatbot/chatbot.js
		</footer-portlet-javascript>
		<css-class-wrapper>chatbot-portlet</css-class-wrapper>
	</portlet>
	<role-mapper>
		<role-name>administrator</role-name>
		<role-link>Administrator</role-link>
	</role-mapper>
	<role-mapper>
		<role-name>guest</role-name>
		<role-link>Guest</role-link>
	</role-mapper>
	<role-mapper>
		<role-name>power-user</role-name>
		<role-link>Power User</role-link>
	</role-mapper>
	<role-mapper>
		<role-name>user</role-name>
		<role-link>User</role-link>
	</role-mapper>
</liferay-portlet-app>